title,url,date,summary,datetime
"'മമ്മൂട്ടിയും മോഹൻലാലും ഒന്നും തന്നില്ലേയെന്നാണ് ചോദിക്കുന്നത്, സുബി സിനിമകൾ മനഃപൂർവം ഒഴിവാക്കി'; വെളിപ്പെടുത്തി അമ്മ",https://keralakaumudi.com/news/news.php?id=1528547&u=life-of-late-actress-subi-suresh,2025-05-05,കോമഡി വേഷങ്ങളിലൂടെയും സ്റ്റേജ് ഷോകളിലൂടെയും മലയാളികളുടെ പ്രിയതാരമായി മാറിയ നടിയാണ് അന്തരിച്ച സുബി സുരേഷ്.,2025-05-05
പേവിഷബാധയേറ്റ് മരിച്ച നിയ ഫൈസലിന്റെ മൃതദേഹം ഖബറടക്കി; മാതാവ് ക്വാറന്റീനിൽ,https://keralakaumudi.com/news/news.php?id=1528494&u=body-of-nia-faisal-who-died-of-rabies-buried-mother-in-quarantine,2025-05-05,കൊല്ലം: പേവിഷബാധയേറ്റ് മരിച്ച ഏഴ് വയസുകാരി നിയ ഫൈസലിന്റെ മൃതദേഹം ആലഞ്ചേരി മുസ്ലിം ജമാഅത്ത് പള്ളിയില്‍ ഖബറടക്കി.,2025-05-05
"ആദ്യം ആര് റൊട്ടി കഴിക്കുമെന്ന് ചോദ്യം, വാക്കുതർക്കം കലാശിച്ചത് കൊലപാതകത്തിൽ; രണ്ട് കുട്ടികൾക്ക് ദാരുണാന്ത്യം",https://keralakaumudi.com/news/news.php?id=1528490&u=two-boys-killed-in-a-fight-over-food-during-a-wedding-celebration,2025-05-05,ലക്‌നൗ: വിവാഹാഘോഷത്തിനിടെ ഭക്ഷണത്തെച്ചൊല്ലിയുണ്ടായ തർക്കത്തിൽ രണ്ട് ആൺകുട്ടികൾ കൊല്ലപ്പെട്ടു.,2025-05-05
ഭീകരരെ  സഹായിക്കുന്നവർക്കെതിരെ  ശക്തമായ  നടപടി; ജമ്മു കാശ്മീരിൽ 2800 പേർ കസ്റ്റഡിയിൽ,https://keralakaumudi.com/news/news.php?id=1528481&u=jammu-and-kashmir-police-strict-action-against-those-helping-terrorists,2025-05-05,ശ്രീനഗർ: പഹൽഗാമിൽ ഭീകരാക്രമണം നടത്തിയവരെ സഹായിക്കുന്നവർക്കെതിരെ ശക്തമായ നടപടി ഉണ്ടാകുമെന്ന് ജമ്മു കാശ്മീർ പൊലീസ്.,2025-05-05
ടൂറിസ്റ്റ് ബസിലും ഫോണിലും 'തുടരും'; 150 കടന്ന് വിജയകുതിപ്പ് നടത്തുന്ന ചിത്രത്തിന് ഭീഷണിയായി വ്യാജപതിപ്പ്,https://keralakaumudi.com/news/news.php?id=1528496&u=thudarum-movie-pirated-version-out,2025-05-05,കൊച്ചി:150 കോടി കളക്ഷൻ കടന്ന് തിയേറ്ററുകളിൽ നിറഞ്ഞോടുകയാണ് മോഹൻലാലിനെ നായകനാക്കി തരുൺ മൂർത്തി സംവിധാനം ചെയ്ത 'തുടരും' എന്ന ചിത്രം.,2025-05-05
തിളങ്ങുന്ന നീലക്കണ്ണുകളോടെ ജനിക്കുന്നത് ഭാഗ്യമാണോ?​ ഇവിടെയുളളവരുടേത് ദുരവസ്ഥ,https://keralakaumudi.com/news/news.php?id=1527944&u=this-indonesian-tribe-has-sparkling-blue-eyes-but-this-beauty-brings-problems,2025-05-04,ജക്കാർത്ത: സിനിമകളിൽ നീലക്കണ്ണുകൾ ഉളള നായകൻമാരെയും നായികമാരെയും കാണുമ്പോൾ ചിലർക്കെങ്കിലും അങ്ങനെയുളള കണ്ണുകൾ വേണമെന്ന് മോഹമുണ്ടാകാറുണ്ട്.,2025-05-04
"ഇനി കഷ്‌ടപ്പാടുകൾക്ക് വിട;  യുഎഇ ബിഗ് ടിക്കറ്റ് നറുക്കെടുപ്പിൽ വീണ്ടും മലയാളിക്ക് വിജയം, 57 കോടി രൂപ സ്വന്തം",https://keralakaumudi.com/news/news.php?id=1527935&u=uae-big-ticket-draw-kerala-expat-winner-of-grand-prize,2025-05-04,അബുദാബി: യുഎഇ ബിഗ് ടിക്കറ്റ് നറുക്കെടുപ്പിൽ വീണ്ടും ഭാഗ്യം കൊയ്ത് പ്രവാസി മലയാളി.,2025-05-04
പോളിയോയും അർബുദവും തളർത്തിയില്ല; സാക്ഷരതയുടെ വെളിച്ചം പകർന്ന പദ്‌മശ്രീ കെ  വി  റാബിയ അന്തരിച്ചു,https://keralakaumudi.com/news/news.php?id=1527931&u=padma-shri-k-v-rabiya-passed-away,2025-05-04,അറിവിന്റെ അക്ഷരവെളിച്ചം പക‌ർന്ന  സാക്ഷരതാ പ്രവർത്തക പദ്‌മശ്രീ കെ വി റാബിയ (59) അന്തരിച്ചു.,2025-05-04
"'പലരും കറുമ്പിയെന്ന് വിളിച്ചു, സ്ത്രീധനം കിട്ടാതെ വന്നതോടെ ഭർത്താവ് പ്രശ്നമുണ്ടാക്കി; ഒരൊറ്റ കാരണം കൊണ്ട് ജീവിതം മാറിമറിഞ്ഞു'",https://keralakaumudi.com/news/news.php?id=1527934&u=actress-sethu-lakshmi-share-the-tragic-family-life,2025-05-04,നാടകത്തിലൂടെ സിനിമാരംഗത്തെത്തിയ സേതു ലക്ഷ്മിയുടെ കുടുംബജീവിതവും കഷ്ടപ്പാടുകൾ നിറഞ്ഞതായിരുന്നു.,2025-05-04
ഫോട്ടോ  കണ്ടാൽ  കോൺഗ്രസുകാർക്ക്  പോലും  തിരിച്ചറിയാത്തവർ  വേണ്ട;  കെപിസിസി  നേതൃമാറ്റത്തിനെതിരെ  ആലുവയിൽ  വ്യാപക  പോസ്റ്റർ,https://keralakaumudi.com/news/news.php?id=1527933&u=poster-campaign-against-kpcc-president-change,2025-05-04,ആലുവ: കെപിസിസി നേതൃമാറ്റത്തിനെതിരെ ആലുവയിൽ വ്യാപക പോസ്റ്റർ പ്രചരണം. സേവ് കോൺഗ്രസ് എന്നും പോസ്റ്ററിൽ എഴുതിയിട്ടുണ്ട്.,2025-05-04
അടുത്ത മാർപ്പാപ്പ ട്രംപ്?  ആ സ്ഥാനം ആഗ്രഹിക്കുന്നെന്ന് പറഞ്ഞതിന് പിന്നാലെ പുതിയ ചിത്രം വൈറൽ,https://keralakaumudi.com/news/news.php?id=1527342&u=pope-trump--new-avatar-days-after-love-to-be-next-pope-remark,2025-05-03,വാഷിംഗ്ടൺ: പുതിയ മാർപ്പാപ്പയെ തിരഞ്ഞെടുക്കുന്നതുമായി ബന്ധപ്പെട്ടുള്ള ചർച്ചകളും മറ്റും നടന്നുകൊണ്ടിരിക്കുകയാണ്.,2025-05-03
നടിയുടെ ഹോട്ട് ചിത്രം ലൈക്ക് ചെയ്‌തു; വിശദീകരണവുമായി വിരാട് കൊഹ്‌ലി,https://keralakaumudi.com/news/news.php?id=1527332&u=registered-an-interaction’-memes-flood-x-amid-virat-kohli’s-statement-after-avneet-kaur-row,2025-05-03,നടി അവ്നീത് കൗറിന്റെ ഹോട്ട് ചിത്രം ഇന്ത്യൻ ക്രിക്കറ്റ് താരം വിരാട് കൊഹ്‌ലി ലൈക്ക് ചെയ്തത് സോഷ്യൽ മീഡിയയിൽ വലിയ ചർച്ചകൾക്ക് വഴിവെച്ചിരുന്നു.,2025-05-03
"അനുജത്തിയെ   കാണിച്ച്   ചേച്ചിയെ   കെട്ടിക്കുന്ന  പരിപാടിയുമായി   കെഎസ്ആർടിസി, യാത്രക്കാരെ   രക്ഷിച്ചത്  മഴ",https://keralakaumudi.com/news/news.php?id=1527333&u=ksrtc-premium-superfast-bus-replaced-by-ac-low-floor-bus,2025-05-03,കൊച്ചി: തമ്പാനൂർ ഡിപ്പോയിൽ നിന്ന് എറണാകുളത്തെത്തിയ പ്രീമിയം ബസിന്റെ മടക്കയാത്ര സാങ്കേതിക തകരാറിനെ തുടർന്നാണ് മുടങ്ങിയത്.,2025-05-03
സർജിക്കൽ സ്‌‌ട്രൈക്ക് നടത്തിയതിന് തെളിവ് വേണമെന്ന് കോൺഗ്രസ് എംപി; മറുപടിയുമായി ഡൽഹി മന്ത്രി,https://keralakaumudi.com/news/news.php?id=1527336&u=congress-mp-charanjit-channi-says-he-could-not-find-where-surgical-strike-took-place,2025-05-03,ചണ്ഡീഗഡ്: പാകിസ്ഥാനെതിരെ ഇന്ത്യ നടത്തിയ സർജിക്കൽ സ്‌ട്രൈക്കിന്റെ തെളിവ് ആവശ്യപ്പെട്ട് പഞ്ചാബ് മുൻ മുഖ്യമന്ത്രിയും കോൺഗ്രസ് എംപിയുമായ ചരൺജിത് സിംഗ് ചന്നി.,2025-05-03
നടുറോഡിൽ കമിതാക്കളെ തല്ലിച്ചതച്ച് മാതാപിതാക്കൾ; ചെരിപ്പൂരി തല്ലുന്നതടക്കമുള്ള ദൃശ്യങ്ങൾ സമൂഹമാദ്ധ്യമത്തിൽ,https://keralakaumudi.com/news/news.php?id=1527339&u=parents-thrashed-son-and-lover-seen-eating-chowmein,2025-05-03,കാൺപൂർ: മകനെയും കാമുകിയെയും നാട്ടുകാർ നോക്കിനിൽക്കെ നടുറോഡിലിട്ട് തല്ലിച്ചതച്ച് മാതാപിതാക്കൾ. ഉത്തർപ്രദേശിലെ കാൺപൂരിൽ രാംഗോപാൽ ജംഗ്‌ഷനിലാണ് സംഭവം.,2025-05-03
പത്താം ക്ലാസ് വിദ്യാർത്ഥിയെ തൂങ്ങിമരിച്ചനിലയിൽ കണ്ടെത്തി,https://keralakaumudi.com/news/news.php?id=1526709&u=student-found-dead,2025-05-02,പാലക്കാട്: പത്താം ക്ലാസ് വിദ്യാർത്ഥിയെ തൂങ്ങി മരിച്ച നിലയിൽ കണ്ടെത്തി. കൂടല്ലൂർ കല്ലിങ്ങൽ മുഹമ്മദ് കുട്ടിയുടെ മകൻ ഇബ്രാഹിം ബാദുഷയാണ് മരിച്ചത്.,2025-05-02
"'ഞങ്ങൾ സദസിലുണ്ട്, രാജീവ് ചന്ദ്രശേഖർ വേദിയിലും', പരിഹാസവുമായി മന്ത്രി മുഹമ്മദ് റിയാസ്; മന്ത്രിയെ ട്രോളി രാഹുൽ മാങ്കൂട്ടത്തിലും",https://keralakaumudi.com/news/news.php?id=1526702&u=muhammed-riyas-fb-post,2025-05-02,തിരുവനന്തപുരം: വിഴിഞ്ഞം തുറമുഖ ഉദ്ഘാടനത്തിന് പിന്നാലെ പരിഹാസവുമായി മന്ത്രി മുഹമ്മദ് റിയാസ്. ചടങ്ങിൽ ബി ജെ പി സംസ്ഥാന അദ്ധ്യക്ഷൻ രാജീവ് ചന്ദ്രശേഖറിന് വേദിയിൽ ഇരിപ്പിടം നൽകിയതിനെയാണ് മന്ത്രി പരിഹസിച്ചിരിക്കുന്നത്.,2025-05-02
"""ഒരുപാട് തവണ നേരിട്ടുതന്നെ പറഞ്ഞിട്ടുണ്ട് ജീവിതം കൈവിട്ടുകളയല്ലേയെന്ന്, ഇനി ഒന്നും പറഞ്ഞിട്ട് കാര്യമില്ല, എല്ലാം അവസാനിച്ചു""",https://keralakaumudi.com/news/news.php?id=1526706&u=rip-vishnu-prasad,2025-05-02,സിനിമാ സീരിയൽ താരം വിഷ്ണു പ്രസാദിന് അന്ത്യാഞ്ജലി അർപ്പിച്ച് നടി ബീന ആന്റണി. ജീവിതം കൈവിട്ടുകളയരുതെന്ന് പലതവണ പറഞ്ഞതാണെന്നും ഇനിയൊന്നും പറഞ്ഞിട്ട് കാര്യമില്ലെന്നും ബീന വ്യക്തമാക്കി.,2025-05-02
"ശ്രീശാന്തിനെ മൂന്ന് വർഷത്തേക്ക് വിലക്കി കേരള ക്രിക്കറ്റ് അസോസിയേഷൻ, സഞ്ജുവിന്റെ അച്ഛനെതിരെ നിയമനടപടി",https://keralakaumudi.com/news/news.php?id=1526710&u=s-sreesanth-banned-from-kca,2025-05-02,കൊച്ചി: ചാമ്പ്യൻസ് ട്രോഫിയ്‌ക്കുള്ള ഇന്ത്യൻ ടീമിൽ സഞ്ജു സാംസണിനെ ഉൾപ്പെടുത്താത്തതിനെ ചൊല്ലിയുള്ള വിവാദത്തിൽ മുൻ ഇന്ത്യൻ ക്രിക്കറ്റ്‌ താരം ശ്രീശാന്തിന് വിലക്ക്.,2025-05-02
സ്വർണം വാങ്ങാൻ മികച്ച അവസരം വന്നെത്തി; രണ്ട് ദിവസം കൊണ്ട് കുറഞ്ഞത് 1800 രൂപ,https://keralakaumudi.com/news/news.php?id=1526681&u=gold-rate-in-kerala,2025-05-02,"തിരുവനന്തപുരം: സംസ്ഥാനത്ത് ഇന്നും സ്വർണവിലയിൽ ആശ്വാസം. ഇന്ന് ഒരു പവന് 160 രൂപ കുറഞ്ഞ് 70,040 രൂപയായി.",2025-05-02
"അമ്മ ചക്ക മുറിക്കുന്നതിനിടെ കാൽവഴുതി കത്തിയുടെ മുകളിലേയ്ക്ക് വീണു, എട്ടുവയസുകാരന് ദാരുണാന്ത്യം",https://keralakaumudi.com/news/news.php?id=1526619&u=eight-year-old-died-falling-on-knife-while-mother-chopping-jack-fruit-at-kasargod,2025-05-01,കാസർകോട്: അമ്മ ചക്ക മുറിക്കുന്നതിനിടെ കത്തിയുടെ മുകളിലേയ്ക്ക് വീണ് എട്ടുവയസുകാരന് ദാരുണാന്ത്യം.,2025-05-01
ആശ്വാസമായി എൽപിജി വില; പാചകവാതക സിലിണ്ടറിന്റെ വില 15 രൂപ കുറച്ചു,https://keralakaumudi.com/news/news.php?id=1526605&u=commercial-gas-cylinder-price-reduced-by-15-rupees,2025-05-01,ന്യൂഡൽഹി: വാണിജ്യാവശ്യങ്ങൾക്കുള്ള പാചകവാതക സിലിണ്ടറിന്റെ വില കുറച്ചു. 15.50 രൂപയാണ് കുറച്ചത്. 19 കിലോയുടെ സിലിണ്ടറിന്റെ വിലയാണ് കുറഞ്ഞത്.,2025-05-01
"ഭർത്താവിന്റെ താടി കളയാൻ ആവശ്യപ്പെട്ടിട്ട് ചെവികൊണ്ടില്ല, താടിയില്ലാത്ത സഹോദരനുമൊത്ത് ഒളിച്ചോടി 25കാരി",https://keralakaumudi.com/news/news.php?id=1526618&u=woman-eloped-after-unhappy-with-husbands-beard-in-uttar-pradesh,2025-05-01,ലക്‌നൗ: ഭർത്താവ് താടി കളയാൻ വിസമ്മതിച്ചതിൽ അതൃപ്‌തയായ ഭാര്യ ഭർത്താവിന്റെ താടിയില്ലാത്ത സഹോദരനുമൊത്ത് ഒളിച്ചോടിയെന്ന് പരാതി.,2025-05-01
"നിരാഹാര സമരം അവസാനിപ്പിച്ച് ആശമാർ, രാപകൽ സമരം തുടരുമെന്ന് സമരസമിതി",https://keralakaumudi.com/news/news.php?id=1526617&u=protest-of-asha-workers-updates,2025-05-01,തിരുവനന്തപുരം: സെക്രട്ടറിയേറ്റ് പടിക്കൽ ദിവസങ്ങളായി തുടരുന്ന നിരാഹാര സമരം അവസാനിപ്പിച്ച് ആശാ വർക്കർമാ‌ർ.,2025-05-01
ഭർത്താവിനെ കയറുപയോഗിച്ച് കഴുത്ത് ഞെരിച്ച് കൊന്ന കേസ്; ഭാര്യയെ കോടതി വെറുതെ വിട്ടു,https://keralakaumudi.com/news/news.php?id=1526612&u=murder-case-of-kollam-updates,2025-05-01,കൊല്ലം: ഉറങ്ങിക്കിടന്ന ഭ‌ർത്താവിനെ പ്ലാസ്റ്റിക് കയറുപയോഗിച്ച് കഴുത്ത് ഞെരിച്ച് കൊലപ്പെടുത്തി കേസിൽ ഭാര്യയെ വെറുതെ വിട്ടു.,2025-05-01
"കെഎസ്ആർടിസിയുടെ പുതിയ പരീക്ഷണവും വിജയത്തിലേക്ക്: യാത്രക്കാർ ഡബിൾ ഹാപ്പി, ഒപ്പം ജീവനക്കാരും",https://keralakaumudi.com/news/news.php?id=1526001&u=implementing-digital-payment-for-tickets-in-ksrtc-buses-is-successful,2025-04-30,ആലപ്പുഴ: കെ.എസ്.ആർ.ടി.സി ബസുകളിൽ ടിക്കറ്റിന് ഡിജിറ്റൽ പണമിടപാട് നടപ്പാക്കുന്നതിന്റെ പരീക്ഷണം ജില്ലയിൽ നടന്നുവരുന്നു.,2025-04-30
"വരനും വധുവുമില്ല; ഇന്ത്യയിൽ ട്രെൻഡിംഗായി മാറി പുതിയ 'വിവാഹ രീതി', വരും വർഷങ്ങളിൽ കേരളത്തിലും?",https://keralakaumudi.com/news/news.php?id=1526000&u=shaadi-without-a-couple-welcome-to-delhi-s-fake-wedding-party-scene,2025-04-30,"ലോകത്ത് എവിടെയായാലും വലിയ ആഘോഷത്തോടെ നടക്കുന്ന ഒന്നാണ് വിവാഹം. ഹൽദി, മെഹന്ദി തുടങ്ങി നിരവധി ആഘോഷങ്ങൾ ഈ കാലഘട്ടത്തിൽ വിവാഹത്തെ തുടർന്ന് നടക്കുന്നു.",2025-04-30
കഞ്ചാവ് കേസിൽ നിന്ന് യു പ്രതിഭ എംഎൽഎയുടെ മകനെ ഒഴിവാക്കി; കുറ്റപത്രം ഉടൻ സമർപ്പിക്കും,https://keralakaumudi.com/news/news.php?id=1525996&u=u-pratibha-mlas-son-kaniv-removed-from-ganja-case-by-excise,2025-04-30,ആലപ്പുഴ: യു പ്രതിഭ എംഎൽഎയുടെ മകൻ കനിവിനെ കഞ്ചാവ് കേസിൽ നിന്ന് ഒഴിവാക്കി എക്‌‌സൈസ്.  ഇടക്കാല റിപ്പോർട്ട് എക്‌സൈസ് കോടതിയിൽ സമർപ്പിച്ചു.,2025-04-30
"36 മണിക്കൂറിൽ സൈനിക തിരിച്ചടി? ഭയന്നുവിറച്ച് പാകിസ്ഥാൻ, ഇന്ത്യയ്‌ക്കെതിരെ എത്ര ദിവസം പിടിച്ചുനിൽക്കും",https://keralakaumudi.com/news/news.php?id=1525994&u=how-long-can-pakistan-hold-out-against-india,2025-04-30,ന്യൂഡൽഹി: അടുത്ത 36 മണിക്കൂറിനുള്ളിൽ പാകിസ്ഥാനെതിരെ ഇന്ത്യ സൈനിക നടപടി ആരംഭിക്കുമെന്ന ഇന്റലിജൻസ് റിപ്പോർട്ട് ലഭിച്ചതോടെ പാകിസ്ഥാൻ ആശങ്കയുടെ മുൾമുനയിലാണ്.,2025-04-30
"പുതിയ ട്രെൻഡ് തുടർന്നാൽ മലയാളികൾ ഈ സാധനത്തെ അടുക്കളയിൽ അടുപ്പിക്കില്ല, തമിഴ്നാടും കർണാടകയും ഒരു കാരണം",https://keralakaumudi.com/news/news.php?id=1526006&u=coconut-oil-price-kerala-updates,2025-04-30,കോ​ല​ഞ്ചേ​രി​:​ ​സെ​ഞ്ച്വ​റി​യ​ടി​ക്കാ​ൻ​ ​കു​തി​ക്കു​ക​യാ​ണ് ​തേ​ങ്ങ.​ ​ഉ​ണ​ങ്ങി​യ​ ​തേ​ങ്ങ​ ​പൊ​തി​ച്ച​തി​ന് ​കി​ലോ​ 85​ ​രൂ​പ​യാ​യി​രു​ന്നു​ ​ക​ഴി​ഞ്ഞ​ ​ദി​വ​സ​ത്തെ​ ​ചി​ല്ല​റ​ ​വി​ല്പ​ന​ ​വി​ല.​ ​,2025-04-30
എസ്‌എസ്‌എൽസി പരീക്ഷാ ഫലം മേയ് ഒമ്പതിന്; നടപടികൾ പൂർത്തിയായി,https://keralakaumudi.com/news/news.php?id=1525383&u=sslc-result-2025,2025-04-29,തിരുവനന്തപുരം: ഈ വർഷത്തെ എസ്‌എസ്‌എൽസി പരീക്ഷാഫലം മേയ് ഒമ്പത് വെള്ളിയാഴ്‌ച പ്രഖ്യാപിക്കും.,2025-04-29
"'മേക്കപ്പിട്ട് കഴിഞ്ഞാൽ വേറെ ക്യാരക്‌ടറാണ്, സ്വയം മറന്ന് പോകുന്നു'; വിമർശനവുമായി ലിസ്റ്റിൻ സ്റ്റീഫൻ",https://keralakaumudi.com/news/news.php?id=1525372&u=listin-stephen-on-actors-increasing-payment,2025-04-29,ജനങ്ങൾ നൽകുന്ന സ്‌നേഹത്തിന്റെ പുറത്ത് താരങ്ങൾ നി‌ർമാതാക്കളെ മുതലെടുക്കുകയാണെന്ന് നിർമാതാവ് ലിസ്റ്റിൻ സ്റ്റീഫൻ.,2025-04-29
"ഹെഡ്ഗേവാർ വിവാദത്തിൽ പ്രതിഷേധം; പാലക്കാട് നഗരസഭാ യോഗത്തിൽ കയ്യാങ്കളി, വനിതാ കൗൺസിലർ കുഴഞ്ഞുവീണു",https://keralakaumudi.com/news/news.php?id=1525374&u=hedgewar-controversy-clashes-in-palakkad-municipality,2025-04-29,പാലക്കാട്: ഹെഡ്ഗേവാർ വിവാദത്തെ തുടർന്ന് പാലക്കാട് നഗരസഭയിൽ സംഘർഷം. യുഡിഎഫും എൽഡിഎഫും നടത്തിയ പ്രതിഷേധമാണ് കയ്യാങ്കളിയിൽ അവസാനിച്ചത്.,2025-04-29
കാമസൂത്രയുടെ പരസ്യത്തിൽ അഭിനയിച്ചതോടെ വിമർശകർ മലയാളി നടിയുടെ വീട്ടിലെത്തി; അവരോട് പിതാവ് പറഞ്ഞത്,https://keralakaumudi.com/news/news.php?id=1525377&u=alleppey-ashraf-about-actress-shwetha-menon,2025-04-29,താരങ്ങളുടെ വ്യക്തി ജീവിതത്തെക്കുറിച്ച് അറിയാൻ താത്പര്യമുള്ള നിരവധി ആരാധകർ ഉണ്ട്. അത്തരത്തിൽ പ്രമുഖ താരങ്ങളുടെ ജീവിതത്തിൽ അധികമാർക്കുമറിയാത്ത കാര്യങ്ങൾ സംവിധായകൻ ആലപ്പി അഷ്റഫ് വെളിപ്പെടുത്താറുണ്ട്.,2025-04-29
ട്രെയിൻ യാത്രയിൽ മേയ് ഒന്ന് മുതൽ പുതിയ മാറ്റം; ലംഘിക്കുന്നവർക്ക് കനത്ത പിഴ,https://keralakaumudi.com/news/news.php?id=1525379&u=no-travel-in-sleeper-and-ac-coaches-with-a-waiting-list-ticket-from-may-1,2025-04-29,ന്യൂഡൽഹി: ഇന്ത്യൻ റെയിൽവെയുടെ പുതിയ മാറ്റം രാജ്യത്ത് ലക്ഷക്കണക്കിന് യാത്രക്കാരെ ബാധിക്കും. മേയ് ഒന്ന് മുതലാണ് ഈ മാറ്റം നടപ്പിലാക്കുന്നത്.,2025-04-29
'രണ്ടര മണിക്കൂറിനുളളിൽ സ്‌ഫോടനം നടക്കും'; മുഖ്യമന്ത്രിയുടെ ഓഫീസിലടക്കം നാല് സ്ഥലങ്ങളിൽ ബോംബ് ഭീഷണി,https://keralakaumudi.com/news/news.php?id=1524775&u=bomb-threat-in-cm-office,2025-04-28,തിരുവനന്തപുരം:മുഖ്യമന്ത്രി പിണറായി വിജയന്റെ ഓഫീസിലും  ഔദ്യോഗിക വസതിയായ ക്ലിഫ് ഹൗസിലും രാജ് ഭവനിലും ബോംബ് വയ്ക്കുമെന്നാണ് സന്ദേശമെത്തിയത്.,2025-04-28
"'ഉണ്ണി മുകുന്ദനെ അയ്യപ്പനാക്കിയിരുന്നെങ്കിൽ മലയാളി പ്രേക്ഷകർ ഏറ്റെടുക്കില്ലായിരുന്നു, സിനിമ പരാജയപ്പെട്ടേനെ'",https://keralakaumudi.com/news/news.php?id=1524774&u=ranjin-raj-is-opens-up-about-unni-mukundans-character-and-acting-in-malikappuram,2025-04-28,നടൻ ഉണ്ണി മുകുന്ദന്റെ കരിയറിലെ ഏറ്റവും മികച്ച സിനിമകളിൽ ഒന്നാണ് 'മാളികപ്പുറം'. പ്രേക്ഷകരിൽ നിന്നും മികച്ച അഭിപ്രായം നേടി മുന്നേറിയ സിനിമ തീയേറ്ററുകളിൽ ഹിറ്റായിരുന്നു.,2025-04-28
കെ എം എബ്രഹാമിന്റെ 12 വർഷത്തെ സ്വത്തുവിവരങ്ങൾ അന്വേഷിക്കും; പ്രഥമദൃഷ്‌ട്യാ തെളിവുണ്ടെന്ന് സിബിഐ,https://keralakaumudi.com/news/news.php?id=1524772&u=cbi-fir-against-km-abraham,2025-04-28,തിരുവനന്തപുരം: മുഖ്യമന്ത്രി പിണറായി വിജയന്റെ ചീഫ് പ്രിൻസിപ്പൽ സെക്രട്ടറി കെ എം എബ്രഹാമിനെതിരായ കേസിന്റെ കൂടുതൽ വിവരങ്ങൾ പുറത്ത്.,2025-04-28
"വാടക വീട്ടിൽ നിന്നിറക്കിവിട്ടു, സ്ത്രീകൾ പെട്ടിയും കിടക്കയുമായി നേതാവിന്റെ വീട്ടിലെത്തി; പിന്നാലെ പൊട്ടിത്തെറിച്ച് ഭാര്യ",https://keralakaumudi.com/news/news.php?id=1524770&u=oh-my-god-latest-episode,2025-04-28,പൊതുപ്രവർത്തകനായ ഭർത്താവ് ഇടപെട്ട കേസിൽ വാടകക്കാരെ വീട്ടിൽ നിന്നിറക്കിവിട്ടെന്ന് പറഞ്ഞാണ് ഓ മൈ ഗോഡ് അണിയറപ്രവർത്തകർ കഥ മെനഞ്ഞിരിക്കുന്നത്.,2025-04-28
"ഒരു ഗ്രാമിന് വില 1000 രൂപ വരെ; എഞ്ചിനീയറിംഗ് ജോലി വിട്ട് കൃഷിയിലേക്ക്, മലയാളിക്ക് മോദിയുടെ പ്രശംസ",https://keralakaumudi.com/news/news.php?id=1524781&u=kerala-man-seshadri-is-harvesting-saffron-flowers,2025-04-28,സുൽത്താൻ ബത്തേരി: മലവയലിലെ വീടിന്റെ ടെറസിൽ സജ്ജമാക്കിയ ശീതീകരിച്ച മുറിയിലാണ് ശേഷാദ്രി കുങ്കുമപ്പൂ വിരിയിച്ചെടുക്കുന്നത്.,2025-04-28
"ലഭ്യത കുറഞ്ഞു, തമിഴ്നാട്ടിലും ആന്ധ്രയിലും നിരോധനം: കേരളത്തിലും വില ഉയരുന്ന സാഹചര്യം",https://keralakaumudi.com/news/news.php?id=1524200&u=coastal-region-is-in-a-state-of-drought-as-the-fish-shortage-worsens-during-the-summer-heat,2025-04-27,കോഴിക്കോട്: വേനൽച്ചൂടിൽ മത്സ്യക്ഷാമം രൂക്ഷമായതോടെ വറുതിയിലാണ് തീരദേശം.,2025-04-27
"പി കെ  ശ്രീമതിയെ   മുഖ്യമന്ത്രിക്ക്  'അത്ര പോര', പാർട്ടി  സെക്രട്ടേറിയറ്റ്  യോഗത്തിൽ  അസാധാരണ  വിലക്ക്, ചുമതലയും  ഇല്ല",https://keralakaumudi.com/news/news.php?id=1524185&u=kerala-cpm-leader-pk-sreemathi-banned-from-party-state-secretariat-meeting,2025-04-27,തിരുവനന്തപുരം: സിപിഎം കേന്ദ്രകമ്മിറ്റിയംഗവും മുതിർന്ന പാർട്ടി നേതാവും മുൻ മന്ത്രിയുമായ പികെ ശ്രീമതിക്ക് കേരളത്തിലെ സിപിഎമ്മിന്റെ അസാധാരണ വിലക്ക്.,2025-04-27
"ജനക്കൂട്ടത്തിനിടയിലേക്ക്   കാർ  ഓടിച്ചുകയറ്റി, നിരവധി  മരണം; തീവ്രവാദി  ആക്രമണമാണെന്ന്   സംശയം",https://keralakaumudi.com/news/news.php?id=1524198&u=several-dead-and-injured-after-car-ploughs-into-crowd-at-street-festival-in-vancouver,2025-04-27,ഒട്ടാവ: കാനഡയിൽ ജനക്കൂട്ടത്തിലേക്ക് കാർ ഓടിച്ചുകയറ്റിയതിനെത്തുടർന്ന് നിരവധിപേർ കൊല്ലപ്പെട്ടു. പതിനാറുപേർ മരിച്ചുവെന്നാണ് സ്ഥിരീകരിക്കാത്ത റിപ്പോർട്ടുകൾ.,2025-04-27
"സ്വിം സ്യൂട്ടിൽ ക്യൂട്ടായി നന്ദന വർമ്മ; അവധി ആഘോഷം ഗോവയിൽ, ചിത്രങ്ങൾ ഏറ്റെടുത്ത് ആരാധകർ",https://keralakaumudi.com/news/news.php?id=1524195&u=actress-nandana-varmas-swimsuit-photos-trending-on-social-media,2025-04-27,'ഗപ്പി' എന്ന സിനിമയിലൂടെ മലയാളി പ്രേക്ഷകരുടെ ഇഷ്ടതാരമായ നടിയാണ് നന്ദന വർമ്മ.,2025-04-27
"സിനിമ കണ്ടുകൊണ്ടിരുന്ന പെൺകുട്ടിയെ പീഡിപ്പിച്ചു, അമ്മയും രണ്ടാനച്ഛനും അറസ്റ്റിൽ",https://keralakaumudi.com/news/news.php?id=1524194&u=sexual-assault-alappuzha-mother-and-step-father-arrested,2025-04-27,ആലപ്പുഴ: പ്രായപൂർത്തിയാകാത്ത പെൺകുട്ടിയെ പീഡിപ്പിച്ച സംഭവത്തിൽ അമ്മയും രണ്ടാനച്ഛനും അറസ്റ്റിൽ. 2024 സെപ്‌തംബറിലായിരുന്നു കേസിനാസ്‌പദമായ സംഭവം നടന്നത്.,2025-04-27
ഇത്തിഹാദ് എയർവേസിൽ വൻ തൊഴിലവസരം; ആദ്യ മേളയുമായി യുഎഇയുടെ ദേശീയ വിമാനക്കമ്പനി,https://keralakaumudi.com/news/news.php?id=1523576&u=etihad-airways-to-launch-first-job-fair-at-may-22,2025-04-26,അബുദാബി: യുഎഇയുടെ ദേശീയ വിമാനക്കമ്പനിയായ ഇത്തിഹാദ് എയർവേസ് ആദ്യമായി തൊഴിൽമേള സംഘടിപ്പിക്കുന്നു.,2025-04-26
മോട്ടോർ വാഹനവകുപ്പിൽ കൂട്ടസ്ഥലംമാറ്റം; 221 എഎംവിഐമാരെ സ്ഥലം മാറ്റി,https://keralakaumudi.com/news/news.php?id=1523575&u=kerala-mvd-221-amvi-transferred-across-the-state,2025-04-26,തിരുവനന്തപുരം: സംസ്ഥാന മോട്ടോർ വാഹനവകുപ്പിൽ കൂട്ടസ്ഥലംമാറ്റം. 221 അസിസ്റ്റന്റ് മോട്ടോർ വെഹിക്കിൾ ഇൻസ്‌പെക്ടർമാരെയാണ് (എഎംവിഐ) സ്ഥലം മാറ്റി ഉത്തരവിറക്കിയത്.,2025-04-26
"നിയമവിദ്യാർത്ഥിയായ മകളെ അദ്ധ്യാപകർ മാനസികമായി പീഡിപ്പിച്ചെന്ന് പരാതി, പിതാവ് ആത്മഹത്യയ്ക്ക് ശ്രമിച്ചു",https://keralakaumudi.com/news/news.php?id=1523573&u=father-attempts-suicide-after-alleging-that-teachers-are-mentally-abusing-his-law-student-daughter,2025-04-26,കോഴിക്കോട്: നിയമവിദ്യാ‌ർത്ഥിയായ മകളെ അദ്ധ്യാപകർ മാനസികമായി പീഡിപ്പിക്കുന്നുവെന്നാരോപിച്ച് പിതാവ് ആത്മഹത്യയ്ക്ക് ശ്രമിച്ചു.,2025-04-26
തിരുവനന്തപുരത്തെ രണ്ട് പ്രമുഖ ഹോട്ടലുകളിൽ ബോംബ് ഭീഷണി; പരിശോധന,https://keralakaumudi.com/news/news.php?id=1523579&u=bomb-threat-in-trivandrum,2025-04-26,തിരുവനന്തപുരം: നഗരത്തിലെ ഹോട്ടലുകളിൽ ബോംബ് ഭീഷണി.,2025-04-26
"കാൽവഴുതി പുഴയിൽ വീണു; എറണാകുളത്ത് 19കാരി മരിച്ചു, സഹോദരി ആശുപത്രിയിൽ",https://keralakaumudi.com/news/news.php?id=1523574&u=19-year-old-girl-drowned-in-ernakulam,2025-04-26,കൊച്ചി: എറണാകുളം പെരുമ്പാവൂർ മുടിക്കലിൽ ഒഴുക്കിൽപ്പെട്ട് 19കാരി മരിച്ചു. മുടിക്കൽ സ്വദേശി പുളിക്ക കുടി ഷാജിയുടെ മകൾ ഫാത്തിമ ആണ് മരിച്ചത്.,2025-04-26
"'പഹൽഗാമിൽ   ആക്രമണം  നടത്തിയവർ   തീവ്രവാദികളല്ല, സ്വാതന്ത്ര്യസമര  സേനാനികൾ': വിശേഷണവുമായി  പാകിസ്ഥാൻ",https://keralakaumudi.com/news/news.php?id=1522964&u=pak-deputy-pm-calls-pahalgam-terrorists-freedom-fighters,2025-04-25,കറാച്ചി: പഹൽഗാമിൽ ആക്രമണം നടത്തിയത് തീവ്രാദികൾ അല്ലെന്നും അവർ സ്വാതന്ത്ര്യസമര സേനാനികളാണെന്നുമുള്ള വിശേഷണവുമായി പാകിസ്ഥാൻ.,2025-04-25
'മുഖംമൂടി ധരിക്കാൻ ചില നടന്മാർക്ക് നന്നായി അറിയാം'; സിനിമാ മേഖലയിലെ സ്‌ത്രീ വിരുദ്ധതയെക്കുറിച്ച് മാളവിക,https://keralakaumudi.com/news/news.php?id=1522938&u=actress-malavika-mohanan-about-pseudo-feminist-male-actors,2025-04-25,സിനിമാ മേഖലയിൽ സ്‌ത്രീ വിരുദ്ധത എത്രത്തോളമുണ്ടെന്ന് വെളിപ്പെടുത്തി നടി മാളവികാ മോഹനൻ.,2025-04-25
സിന്ധു  നദീജല  കരാർ  റദ്ദാക്കിയ  നടപടി: ഇത്രയും  വെള്ളം  നമ്മൾ  എവിടെ  സംഭരിക്കും? ചോദ്യങ്ങളുമായി  ഒവൈസി,https://keralakaumudi.com/news/news.php?id=1522941&u=owaisi-welcomed-the-cancellation-of-the-indus-waters-treaty,2025-04-25,ന്യൂഡൽഹി: സിന്ധു നദീജല കരാറിൽ നിന്ന് പിന്മാറിയ ഇന്ത്യ ഇത്രയും ജലം എവിടെ സംഭരിക്കുമെന്ന ചോദ്യവുമായി  അസദുദ്ദീൻ ഒവൈസി.,2025-04-25
"കാട്ടിൽ തുറന്നുവിടുന്നില്ല, നമ്മുടെ വീടുകളിൽ നിന്ന് പിടികൂടുന്ന  പാമ്പുകളെ ചിലർ ചെയ്യുന്നത്; ഞെട്ടിക്കുന്ന റിപ്പോർട്ട്",https://keralakaumudi.com/news/news.php?id=1522952&u=intelligence-report-about-snake,2025-04-25,തിരുവനന്തപുരം: വീടുകളിൽ നിന്നടക്കം പിടിക്കുന്ന വിഷപ്പാമ്പുകളെ കള്ളക്കടത്ത് സംഘങ്ങൾക്ക് കൈമാറുന്നു. വനം ഇന്റലിജൻസും​ വിജിലൻസുമാണ് രഹസ്യ റിപ്പോർട്ട് നൽകിയത്.,2025-04-25
"ലഷ്‌കർ  കമാൻഡറെ വധിച്ച് സുരക്ഷാസേന; ഏറ്റുമുട്ടൽ നടന്നത് മൂന്ന് മണിക്കൂറോളം, രണ്ട് സൈനികർക്ക് പരിക്ക്",https://keralakaumudi.com/news/news.php?id=1522954&u=indian-army-kills-lashkar-e-taiba-commander-during-encounter-in-bandipora,2025-04-25,ശ്രീനഗർ: ബന്ദിപ്പോരയിൽ നടന്ന ഏറ്റുമുട്ടലിനിടയിൽ ലഷ്‌കർ ഇ തൊയ്ബയുടെ കമാൻഡറെ വധിച്ച് ഇന്ത്യൻ സൈന്യം.,2025-04-25
പഹൽഗാം  ആക്രമണത്തിന്   പാകിസ്ഥാന്  സഹായം  നൽകിയത്  ഹമാസ്?  ഇന്ത്യൻ തിരിച്ചടി  ഇനിയും  വൈകും; കാരണങ്ങൾ  പലത്,https://keralakaumudi.com/news/news.php?id=1522285&u=recent-attack-in pahalgam-was-akin-to-the october-7-attacks in-israel,2025-04-24,ന്യൂഡൽഹി: പഹൽഗാമിലെ ഭീകരാക്രമണത്തിന്  തിരിച്ചടി നൽകുമെന്ന് ഉറപ്പിച്ചുകൊണ്ട് നയതന്ത്ര രംഗത്തടക്കം ഇന്ത്യ കടുത്ത നടപടികൾ സ്വീകരിച്ചുതുടങ്ങിയിട്ടുണ്ട്.,2025-04-24
'ആരും ചിന്തിക്കാത്ത  തരത്തിൽ  തിരിച്ചടി  നൽകും'; ഭീകരവാദികളെ വെറുതെ വിടില്ലെന്ന്  പ്രധാനമന്ത്രി,https://keralakaumudi.com/news/news.php?id=1522305&u=pahalgam-terror-attack-pm-modi,2025-04-24,പാറ്റ്ന: ആക്രമണം നടത്തിയവർക്കും ഗൂഢാലോചന നടത്തിയവർക്കും കടുത്ത ശിക്ഷ നൽകുമെന്നും ബീഹാറിൽ നടന്ന പരിപാടിയിൽ മോദി പറഞ്ഞു.,2025-04-24
ജമ്മുകാശ്മീരിൽ തീവ്രവാദികളുമായി ഏറ്റുമുട്ടൽ; ഒരു ജവാന് വീരമൃത്യു,https://keralakaumudi.com/news/news.php?id=1522282&u=soldier-killed-in-action-during-encounter-with-terrorists-in-jandk-s-udhampur,2025-04-24,ശ്രീനഗർ: ജമ്മുകാശ്മീരിലെ ഉധംപൂർ ജില്ലയിൽ തീവ്രവാദികളും സുരക്ഷാ സെെന്യവും തമ്മിൽ ഏറ്റമുട്ടൽ.,2025-04-24
നാടിനെ നടുക്കിയ വിനീത കൊലക്കേസ്; പ്രതി രാജേന്ദ്രന് വധശിക്ഷ വിധിച്ച് കോടതി,https://keralakaumudi.com/news/news.php?id=1522284&u=vineetha-murder-case-accused-rajendran-death-sentence,2025-04-24,തിരുവനന്തപുരം: പേരൂർക്കടയിലെ അലങ്കാരച്ചെടി വിൽപ്പനശാലയിലെ ജീവനക്കാരിയായിരുന്ന വിനീതയെ കുത്തിക്കൊലപ്പെടുത്തിയ കേസിൽ പ്രതിയ്ക്ക് വധശിക്ഷ.,2025-04-24
"'പോക്സോ കേസ് വ്യാജം, പണം തട്ടാനുള്ള ശ്രമമാണ് നടക്കുന്നത്'; പ്രതികരണവുമായി വ്ളോഗർ മുകേഷ് നായർ",https://keralakaumudi.com/news/news.php?id=1522290&u=pocso-case-against-vlogger-mukesh-nair-response,2025-04-24,തിരുവനന്തപുരം: തനിക്കെതിരായ പോക്‌സോ കേസിൽ പ്രതികരിച്ച് വ്ളോഗർ മുകേഷ് നായർ. കേസ് വ്യാജമാണെന്നും പണം തട്ടാനുള്ള ശ്രമമാണെന്നുമാണ് മുകേഷ് നായർ പറഞ്ഞത്.,2025-04-24
"'തീവ്രവാദത്തിന് ഒരു മതമുണ്ട്, ജിഹാദിന് നമ്മളറിയാതെ പോക്കറ്റിൽ നിന്ന് പണം നൽകുന്നു', വിവാദ പ്രതികരണവുമായി യുപി എംഎൽഎ",https://keralakaumudi.com/news/news.php?id=1521693&u=up-mla-says-there-is-religion-for-terrorism-in-kashmir,2025-04-23,ലക്‌‌നൗ: പഹൽഗാം ഭീകരാക്രമണത്തിന് പിന്നാലെ തീവ്രവാദം വർദ്ധിക്കാൻ കാരണം കാശ്‌മീരിലെ ടൂറിസം വികസനമാണെന്ന് വിവാദ പ്രസ്‌താവനയുമായി എംഎൽഎ.,2025-04-23
ഇന്ത്യയെ നോവിച്ചത് പാക് സൈന്യത്തിന്റെ 'പ്രിയപ്പെട്ട സ്വത്ത്'; കേണലുകൾക്ക് മുന്നിൽ  ജിഹാദി പ്രഭാഷണം നടത്തുന്ന സൈഫുള്ള  ഖാലിദ്,https://keralakaumudi.com/news/news.php?id=1521702&u=saifullah-khalid-the-favourite-asset-of-pak-army-officers-masterming-behing-pahalgam-attack,2025-04-23,ന്യൂഡൽഹി: പുൽവാമയിൽ ആറുവർഷത്തിന് മുൻപ് 40 ജവാന്മാരുടെ വീരമൃത്യുവിന് ഇടയാക്കിയ ഭീകരാക്രമണത്തിന് ശേഷം രാജ്യത്തെ ഞെട്ടിച്ച കൂട്ടക്കൊലയാണ് പഹൽഗാമിലേത്.,2025-04-23
"ഓസ്‌ട്രോയുടെ തലവെട്ടി പ്രതികാരം; 30 വർഷങ്ങൾക്ക് മുമ്പും പഹൽഗാം ചോരക്കളമായി, ലക്ഷ്യം മസൂദിന്റെ മോചനം",https://keralakaumudi.com/news/news.php?id=1521695&u=terrorists-have-targeted-pahalgam-before,2025-04-23,ന്യൂഡൽഹി: വിനോദസഞ്ചാരികൾക്കെതിരെ കാശ്മീരിൽ ഭീകരാക്രമണം നടന്നത് മിനി സ്വിറ്റ്സർലൻഡ് എന്നറിയപ്പെടുന്ന ബൈസരനിലാണ്.,2025-04-23
"എ ജയതിലക് പുതിയ ചീഫ് സെക്രട്ടറി, തീരുമാനം മന്ത്രിസഭാ യോഗത്തിൽ",https://keralakaumudi.com/news/news.php?id=1521696&u=jayathilak-ias-elected-as-keralas-50th-chief-secretary,2025-04-23,തിരുവനന്തപുരം: സംസ്ഥാനത്തിന്റെ പുതിയ ചീഫ് സെക്രട്ടറിയായി എ ജയതിലകിനെ തിരഞ്ഞെടുത്തു.,2025-04-23
"ഭർത്താവിനെ കൊന്നു, ഒരപേക്ഷയേയുള്ളൂ, സൈനികരെ ഭീകരരാണെന്ന് തെറ്റിദ്ധരിച്ച് സ്ത്രീ പറഞ്ഞത്‌; രക്ഷിക്കാൻ ഞങ്ങളുണ്ടെന്ന് മറുപടി",https://keralakaumudi.com/news/news.php?id=1521698&u=were-indian-army-soldier-assures-as-boy-screams,2025-04-23,ശ്രീനഗർ: ഇന്ത്യക്കാരുടെ ഹൃദയം തകർക്കുന്ന വാർത്തകളാണ് ഓരോ നിമിഷവും പഹൽഗാമിൽ നിന്ന് വന്നുകൊണ്ടിരിക്കുന്നത്. പൊലീസിന്റെയും സൈനികരുടെയുമൊക്കെ യൂണിഫോമിനോട് സാദൃശ്യമുള്ള വസ്ത്രങ്ങളണിഞ്ഞാണ് ഭീകരർ വിനോദ സഞ്ചാരികൾക്ക് മുന്നിലെത്തിയത്.,2025-04-23
"'ദിൽഷയുടെ  പഴയ  സുഹൃത്തല്ല,  എന്റെ  ഭർത്താവാണ്';  കമന്റിന്  കിടിലൻ മറുപടിയുമായി ആരതി പൊടി",https://keralakaumudi.com/news/news.php?id=1521112&u=arati-podi-comment,2025-04-22,ബിഗ് ബോസിലെ മത്സരാർത്ഥിയായി ഏറെ ആരാധകരെ സൃഷ്‌ടിച്ച വ്യക്തിയാണ് ഡോക്‌ടർ റോബിൻ രാധാകൃഷ്‌ണൻ.,2025-04-22
പുത്തൻ വാഷിംഗ് മെഷീനിൽ കൂറ്റൻ കല്ല് ഇട്ടു; പിന്നാലെ നടന്നത്,https://keralakaumudi.com/news/news.php?id=1521114&u=man-puts-heavy-stone-in-washing-machine-viral-video,2025-04-22,എന്തെങ്കിലും കാട്ടിക്കൂട്ടി സോഷ്യൽ മീഡിയയിൽ വൈറലാകണമെന്ന് ചിന്തിക്കുന്ന നിരവധി പേരുണ്ട്. അത്തരത്തിൽ യുവാവ് ചെയ്‌തൊരു സാഹസമാണ് സമൂഹമാദ്ധ്യമങ്ങളിൽ ചർച്ചയാകുന്നത്.,2025-04-22
"നരേന്ദ്ര മോദി സൗദിയിലേക്ക്, ഇന്ത്യയ്ക്ക് എന്തൊക്കെ നേട്ടങ്ങൾ? പ്രതീക്ഷയോടെ ഈ മേഖലകൾ",https://keralakaumudi.com/news/news.php?id=1521108&u=narendra-modi-to-saudi-arabia-what-are-the-benefits-for-india,2025-04-22,സൗദി കിരീടാവകാശി മുഹമ്മദ് ബിൻ സൽമാനുമായി കൂടിക്കാഴ്ച നടത്തുന്നതിനായി പ്രധാനമന്ത്രി നരേന്ദ്ര മോദി ഇന്ന് ജിദ്ദയിലേക്ക് വിമാനം കയറുകയാണ്.,2025-04-22
"പിടിതരാതെ സ്വർണവില; സർവകാല റെക്കാർഡ്, ഇന്ന് പവന് 74,000 കടന്നു",https://keralakaumudi.com/news/news.php?id=1521109&u=gold-rate-today,2025-04-22,"തിരുവനന്തപുരം: സംസ്ഥാനത്ത് ഇന്നും സ്വർണവില കുതിച്ചുയർന്നു. ഇന്ന് പവന് 2200 രൂപ വർദ്ധിച്ച് സ്വർണവില 74,000 കടന്നു.",2025-04-22
ആമയൂർ കൂട്ടക്കൊലക്കേസ്; റെജികുമാറിന്റെ വധശിക്ഷ റദ്ദാക്കി സുപ്രീം കോടതി,https://keralakaumudi.com/news/news.php?id=1521115&u=amayur-massacre-supreme-court-stays-rajikumars-death-sentence,2025-04-22,ന്യൂഡൽഹി: ആമയൂർ കൂട്ടക്കൊലക്കേസിലെ പ്രതി റജികുമാറിന്റെ വധശിക്ഷ സുപ്രീം കോടതി റദ്ദാക്കി.,2025-04-22
വീണാ വിജയൻ അടക്കമുള്ളവരുടെ മൊഴിയെടുക്കണം; ഇഡി കോടതിയിൽ അപേക്ഷ നൽകി,https://keralakaumudi.com/news/news.php?id=1520572&u=cmrl-case-veena-vijayan-statement,2025-04-21,തിരുവനന്തപുരം: സി എം ആർ എൽ - എക്‌സാലോജിക് ഇടപാട് കേസിൽ  മുഖ്യമന്ത്രി പിണറായി വിജയന്റെ മകൾ വീണാ വിജയൻ അടക്കമുള്ളവരുടെ മൊഴിയെടുക്കുന്നതിൽ അനുമതി തേടി ഇ ഡി.,2025-04-21
"'ഒറ്റയ്‌ക്ക് വന്നാൽ ഒപ്പം കൂട്ടാം, തൃണമൂലിനൊപ്പം വേണ്ട'; അൻവറുമായി ചർച്ചയ്‌ക്കൊരുങ്ങി കോൺഗ്രസ്",https://keralakaumudi.com/news/news.php?id=1520563&u=congress-tmc-rift,2025-04-21,തിരുവനന്തപുരം: തൃണമൂൽ കോൺഗ്രസിനെ മുന്നണിയുടെ ഭാഗമാക്കാതെ പിവി അൻവറിനെ യുഡിഎഫിലെടുക്കാമെന്ന് തീരുമാനിച്ച് കോൺഗ്രസ്.,2025-04-21
പോക്‌സോ കേസ് അതിജീവിതയായ പതിനേഴുകാരിയേയും മൂന്ന് വയസുള്ള കുഞ്ഞിനെയും കാണാതായി,https://keralakaumudi.com/news/news.php?id=1520566&u=pocso-case-victim-and-child-missing,2025-04-21,കോഴിക്കോട്: പ്രായപൂർത്തിയാകാത്ത പെൺകുട്ടിയേയും കുഞ്ഞിനെയും കോഴിക്കോട്ടെ വനിതാ ശിശു സംരക്ഷണ കേന്ദ്രത്തിൽ നിന്ന് കാണാതായി.,2025-04-21
'സെറ്റുകളിൽ ലഹരി എത്തിക്കാൻ ഇടനിലക്കാർ'; ഷെെനിന്റെ മൊഴിയുടെ പൂർണരൂപം പുറത്ത്,https://keralakaumudi.com/news/news.php?id=1520568&u=shine-tom-chacko-open-up-about-complaint,2025-04-21,തിരുവനന്തപുരം: രാസലഹരിക്കേസിൽ നടൻ ഷൈൻ ടോം ചാക്കോ പൊലീസിന് നൽകിയ മൊഴിയുടെ പൂർണരൂപം പുറത്ത്.,2025-04-21
"പരാതിക്ക് പിന്നാലെ സ്പെഷ്യൽ ട്രെയിൻ, നേട്ടം സർക്കാർ ജീവനക്കാർക്ക് മാത്രം: വൈകിട്ട് തുടങ്ങും ആ ദുരിതം",https://keralakaumudi.com/news/news.php?id=1520586&u=train-journey-from-kozhikode-to-the-north-will-begin-after-6-pm,2025-04-21,കോഴിക്കോട്: വെെകിട്ട് ആറു മണികഴിഞ്ഞാൽ തുടങ്ങും കോഴിക്കോട്ടു നിന്ന് വടക്കോട്ടുള്ള ട്രെയിൻ യാത്രാ ദുരിതം.,2025-04-21
